Departure date,Departure info,Return date,Return info,Nights,Prices
Thu 12 Oct,13:25 Belgrade Nikola Tesla(BEG),Sun 22 Oct,13:05 Málaga(AGP),10,"20,851 din.
Sun 15 Oct,08:45 Belgrade Nikola Tesla(BEG),Sun 22 Oct,13:05 Málaga(AGP),7,"20,851 din.
Thu 12 Oct,13:25 Belgrade Nikola Tesla(BEG),Thu 19 Oct,17:50 Málaga(AGP),7,"20,851 din.
Thu 5 Oct,13:25 Belgrade Nikola Tesla(BEG),Thu 19 Oct,17:50 Málaga(AGP),14,"21,640 din.
Sun 8 Oct,08:45 Belgrade Nikola Tesla(BEG),Sun 22 Oct,13:05 Málaga(AGP),14,"21,640 din.
Thu 5 Oct,13:25 Belgrade Nikola Tesla(BEG),Thu 12 Oct,17:50 Málaga(AGP),7,"21,640 din.
Thu 5 Oct,13:25 Belgrade Nikola Tesla(BEG),Sun 22 Oct,13:05 Málaga(AGP),17,"21,640 din.
Sun 8 Oct,08:45 Belgrade Nikola Tesla(BEG),Thu 19 Oct,17:50 Málaga(AGP),11,"21,640 din.
Wed 20 Sep,16:15 Belgrade Nikola Tesla(BEG),Sun 1 Oct,13:05 Málaga(AGP),11,"19,531 din.
Wed 20 Sep,16:15 Belgrade Nikola Tesla(BEG),Thu 5 Oct,17:50 Málaga(AGP),15,"19,531 din.
Wed 4 Oct,17:12 Belgrade Nikola Tesla(BEG),Thu 12 Oct,17:50 Málaga(AGP),8,"19,878 din.
Wed 4 Oct,17:12 Belgrade Nikola Tesla(BEG),Thu 19 Oct,17:50 Málaga(AGP),15,"19,878 din.
Wed 4 Oct,17:12 Belgrade Nikola Tesla(BEG),Sun 22 Oct,13:05 Málaga(AGP),18,"19,878 din.
Thu 12 Oct,13:25 Belgrade Nikola Tesla(BEG),Thu 19 Oct,06:45 Málaga(AGP),7,"20,431 din.
Wed 4 Oct,17:12 Belgrade Nikola Tesla(BEG),Thu 19 Oct,17:50 Málaga(AGP),15,"20,481 din.
Wed 4 Oct,17:12 Belgrade Nikola Tesla(BEG),Thu 12 Oct,17:50 Málaga(AGP),8,"20,481 din.
Wed 4 Oct,17:12 Belgrade Nikola Tesla(BEG),Sun 22 Oct,13:05 Málaga(AGP),18,"20,481 din.
Wed 11 Oct,16:15 Belgrade Nikola Tesla(BEG),Sun 22 Oct,13:05 Málaga(AGP),11,"20,158 din.
Wed 11 Oct,16:15 Belgrade Nikola Tesla(BEG),Thu 19 Oct,17:50 Málaga(AGP),8,"20,158 din.
Sat 7 Oct,06:25 Belgrade Nikola Tesla(BEG),Thu 19 Oct,17:50 Málaga(AGP),12,"20,648 din.
Sat 7 Oct,06:25 Belgrade Nikola Tesla(BEG),Sun 22 Oct,13:05 Málaga(AGP),15,"20,648 din.
Sat 7 Oct,06:25 Belgrade Nikola Tesla(BEG),Thu 12 Oct,17:50 Málaga(AGP),5,"20,648 din.
Wed 18 Oct,17:12 Belgrade Nikola Tesla(BEG),Tue 24 Oct,06:45 Málaga(AGP),6,"18,492 din.
Wed 4 Oct,17:25 Belgrade Nikola Tesla(BEG),Thu 12 Oct,17:50 Málaga(AGP),8,"20,969 din.
Wed 4 Oct,17:25 Belgrade Nikola Tesla(BEG),Thu 19 Oct,17:50 Málaga(AGP),15,"20,969 din.
Wed 4 Oct,17:25 Belgrade Nikola Tesla(BEG),Sun 22 Oct,13:05 Málaga(AGP),18,"20,969 din.
Thu 5 Oct,13:25 Belgrade Nikola Tesla(BEG),Thu 19 Oct,06:45 Málaga(AGP),14,"21,155 din.
Sun 8 Oct,08:45 Belgrade Nikola Tesla(BEG),Thu 19 Oct,06:45 Málaga(AGP),11,"21,155 din.
